{
  "project_info": {
    "project_number": "80573485645",
    "firebase_url": "https://easywatts-65741.firebaseio.com",
    "project_id": "easywatts-65741",
    "storage_bucket": "easywatts-65741.appspot.com"
  },
  "client": [
    {
      "client_info": {
        "mobilesdk_app_id": "1:80573485645:android:e4d8d77bda387eecf4c204",
        "android_client_info": {
          "package_name": "com.example.authentication"
        }
      },
      "oauth_client": [
        {
          "client_id": "80573485645-eqlqkkihkj7h85ds0k7c487u9vg5uths.apps.googleusercontent.com",
          "client_type": 3
        }
      ],
      "api_key": [
        {
          "current_key": "AIzaSyA1ngoRZ3145bMSUPN6WsWwVLdK29xvKHQ"
        }
      ],
      "services": {
        "appinvite_service": {
          "other_platform_oauth_client": [
            {
              "client_id": "80573485645-eqlqkkihkj7h85ds0k7c487u9vg5uths.apps.googleusercontent.com",
              "client_type": 3
            }
          ]
        }
      }
    }
  ],
  "configuration_version": "1"
}